date,location,address,time
02/12/2026,George Mason Regional Library,"7001 Little River Turnpike, Annandale, VA 22003",7-9pm
02/19/2026,George Mason Regional Library,"7001 Little River Turnpike, Annandale, VA 22003",7-9pm
02/26/2026,George Mason Regional Library,"7001 Little River Turnpike, Annandale, VA 22003",7-9pm
03/05/2026,George Mason Regional Library,"7001 Little River Turnpike, Annandale, VA 22003",7-9pm
03/12/2026,George Mason Regional Library,"7001 Little River Turnpike, Annandale, VA 22003",7-9pm
03/19/2026,George Mason Regional Library,"7001 Little River Turnpike, Annandale, VA 22003",7-9pm
03/26/2026,George Mason Regional Library,"7001 Little River Turnpike, Annandale, VA 22003",7-9pm
04/02/2026,George Mason Regional Library,"7001 Little River Turnpike, Annandale, VA 22003",7-9pm
04/09/2026,George Mason Regional Library,"7001 Little River Turnpike, Annandale, VA 22003",7-9pm
